title,category,price_gbp,rating,in_stock
Alice in Wonderland (Alice's Adventures in Wonderland #1),Classics,55.53,1,True
And Then There Were None,Classics,35.01,2,True
Animal Farm,Classics,57.22,3,True
Beowulf,Classics,38.35,2,True
Candide,Classics,58.63,3,True
Emma,Classics,32.93,2,True
Gone with the Wind,Classics,32.49,3,True
Little Women (Little Women #1),Classics,28.07,4,True
Of Mice and Men,Classics,47.11,2,True
Sense and Sensibility,Classics,37.46,1,True
The Complete Stories and Poems (The Works of Edgar Allan Poe [Cameo Edition]),Classics,26.78,4,True
The Hound of the Baskervilles (Sherlock Holmes #5),Classics,14.82,2,True
The Little Prince,Classics,45.42,2,True
The Metamorphosis,Classics,28.58,1,True
The Picture of Dorian Gray,Classics,29.7,2,True
The Pilgrim's Progress,Classics,50.26,2,True
The Secret Garden,Classics,15.08,4,True
The Story of Hong Gildong,Classics,43.19,4,True
Wuthering Heights,Classics,17.73,3,True
A Flight of Arrows (The Pathfinders #2),Historical Fiction,55.53,5,True
A Paris Apartment,Historical Fiction,39.01,4,True
A Spy's Devotion (The Regency Spies of London #1),Historical Fiction,16.97,5,True
Between Shades of Gray,Historical Fiction,20.79,5,True
Forever and Forever: The Courtship of Henry Longfellow and Fanny Appleton,Historical Fiction,29.69,3,True
Girl With a Pearl Earring,Historical Fiction,26.77,1,True
Girl in the Blue Coat,Historical Fiction,46.83,2,True
Glory over Everything: Beyond The Kitchen House,Historical Fiction,45.84,3,True
Lilac Girls,Historical Fiction,17.28,2,True
Lost Among the Living,Historical Fiction,27.7,4,True
"Love, Lies and Spies",Historical Fiction,20.55,2,True
Mrs. Houdini,Historical Fiction,30.25,5,True
Starlark,Historical Fiction,25.83,3,True
The Constant Princess (The Tudor Court #1),Historical Fiction,16.62,3,True
The Guernsey Literary and Potato Peel Pie Society,Historical Fiction,49.53,1,True
The House by the Lake,Historical Fiction,36.95,1,True
The Invention of Wings,Historical Fiction,37.34,1,True
The Last Painting of Sara de Vos,Historical Fiction,55.55,2,True
The Marriage of Opposites,Historical Fiction,28.08,4,True
The Passion of Dolssa,Historical Fiction,28.32,5,True
The Red Tent,Historical Fiction,35.66,5,True
The Secret Healer,Historical Fiction,34.56,3,True
Tipping the Velvet,Historical Fiction,53.74,1,True
Voyager (Outlander #3),Historical Fiction,21.07,5,True
While You Were Mine,Historical Fiction,41.32,5,True
World Without End (The Pillars of the Earth #2),Historical Fiction,32.97,4,True
1st to Die (Women's Murder Club #1),Mystery,53.98,1,True
A Murder in Time,Mystery,16.64,1,True
A Study in Scarlet (Sherlock Holmes #1),Mystery,16.73,2,True
A Time of Torment (Charlie Parker #14),Mystery,48.35,5,True
Blood Defense (Samantha Brinkman #1),Mystery,20.3,3,True
Boar Island (Anna Pigeon #19),Mystery,59.48,3,True
Career of Evil (Cormoran Strike #3),Mystery,24.72,2,True
Delivering the Truth (Quaker Midwife Mystery #1),Mystery,20.89,4,True
Extreme Prey (Lucas Davenport #26),Mystery,25.4,3,True
Hide Away (Eve Duncan #20),Mystery,11.84,1,True
"In a Dark, Dark Wood",Mystery,19.63,1,True
In the Woods (Dublin Murder Squad #1),Mystery,38.38,2,True
Most Wanted,Mystery,35.28,3,True
Murder at the 42nd Street Library (Raymond Ambler #1),Mystery,54.36,4,True
Playing with Fire,Mystery,13.71,3,True
Poisonous (Max Revere Novels #3),Mystery,26.8,3,True
Sharp Objects,Mystery,47.82,4,True
Tastes Like Fear (DI Marnie Rome #3),Mystery,10.69,1,True
That Darkness (Gardiner and Renner #1),Mystery,13.92,1,True
The Bachelor Girl's Guide to Murder (Herringford and Watts Mysteries #1),Mystery,52.3,5,True
The Cuckoo's Calling (Cormoran Strike #1),Mystery,19.21,1,True
The Exiled,Mystery,43.45,3,True
The Girl In The Ice (DCI Erika Foster #1),Mystery,15.85,3,True
The Girl You Lost,Mystery,12.29,5,True
The Last Mile (Amos Decker #2),Mystery,54.21,2,True
The Murder of Roger Ackroyd (Hercule Poirot #4),Mystery,44.1,4,True
The Mysterious Affair at Styles (Hercule Poirot #1),Mystery,24.8,4,True
The No. 1 Ladies' Detective Agency (No. 1 Ladies' Detective Agency #1),Mystery,57.7,4,True
The Past Never Ends,Mystery,56.5,4,True
The Silkworm (Cormoran Strike #2),Mystery,23.05,5,True
The Widow,Mystery,27.26,2,True
What Happened on Beale Street (Secrets of the South Mysteries #2),Mystery,25.37,5,True
"1,000 Places to See Before You Die",Travel,26.08,5,True
A Summer In Europe,Travel,44.34,2,True
A Year in Provence (Provence #1),Travel,56.88,4,True
Full Moon over Noahâs Ark: An Odyssey to Mount Ararat and Beyond,Travel,49.43,4,True
It's Only the Himalayas,Travel,45.17,2,True
Neither Here nor There: Travels in Europe,Travel,38.95,3,True
See America: A Celebration of Our National Parks & Treasured Sites,Travel,48.87,3,True
The Great Railway Bazaar,Travel,30.54,1,True
The Road to Little Dribbling: Adventures of an American in Britain (Notes From a Small Island #2),Travel,23.21,1,True
Under the Tuscan Sun,Travel,37.33,3,True
Vagabonding: An Uncommon Guide to the Art of Long-Term World Travel,Travel,36.94,2,True
